{"version":2,"hash":{"type":"Buffer","data":"SRdUL2U1/y30by4f3IIiIYWwfFHpT9xYWnox44wzMWCq7M2LmdCgQvt/Jnyq7xeC2jsfH3F3b7K9TM7CMGlYZPXHuWK2Ptu2f4EtgZLODI7zfPm+jphIQTynqbr9Ih9U4SEVwimssxs7rrIts2PusNzBEiS7lG1tS5+ePsmbDLI="},"indexValueMap":{"0JqF5Mf6Rl8HT9nNWdqveeYmiSNzHx7NP+MHy/S3aas=":{"valueMac":{"type":"Buffer","data":"6RDjdh3toeTOfD/pDogImh6n1Cq98DGIeHEnd4iinNM="}},"m7Nys4S2hVR4wj8GLe9bDwWnymQ9A6/R6mWkn/WUHI8=":{"valueMac":{"type":"Buffer","data":"MuNuRGEY2b5d3kdd0Q5lE0ueri8tA/6o6zcagejbIjE="}},"JTCaEgOZm21z2rpKdHuoCslJN30NEG48y81J/42XVmQ=":{"valueMac":{"type":"Buffer","data":"lsTF/G6oC9AQBBuAY1YqP4SkUotjqCzcAbdScpH/dgQ="}},"qtYVNyHQwramZOXFclG43WHKVJHWR2VXlupybxmzyAw=":{"valueMac":{"type":"Buffer","data":"v2Sf+FhIn1ICvjVLoEnAgLUIwxZI3YZQVNMCG6m6zd4="}},"WHL6ygQ/JsY+4oJCm+YcJEc+c9XxI1VmKf34oHa2FIs=":{"valueMac":{"type":"Buffer","data":"FU8Adxq4mOabHLlnqXt1M7jT9w7LCPlRe85Fcd0/jtk="}},"viYN9Hgl5WScY1QcRlxOmKh1jZHAeZGAxl9W1kNgCnk=":{"valueMac":{"type":"Buffer","data":"INfORyCwe7ihQBo3m2FzLaEcM8KHRGfdJ23uaqqZ7ps="}}}}