{"noiseKey":{"private":{"type":"Buffer","data":"iO2XSJEotIao1495nv0FnE8np8jmCG5gZaggxM3tfU4="},"public":{"type":"Buffer","data":"6BpDS6gu6YTHNtu+xTRcwuwUSSKM2amGgF1Avwml4F0="}},"pairingEphemeralKeyPair":{"private":{"type":"Buffer","data":"uAowSCtaARIBgmAFAmsIfv1OXGAdNbdOKWWezo67qWk="},"public":{"type":"Buffer","data":"ngT1KHXbNoFvQKQxELqW2nLcusUWZFLjIEvPHCLWkCQ="}},"signedIdentityKey":{"private":{"type":"Buffer","data":"sGoJwAtUXbYuqMhXbYIvtbSDjC/lStw6Un6GbJ4Ps3U="},"public":{"type":"Buffer","data":"1g3u4pGgvLEb8CLvVSSZ0VoX3NzSE0/vT8fIIeZ4Ahc="}},"signedPreKey":{"keyPair":{"private":{"type":"Buffer","data":"8DpHJL85FjnSozTeO/Fp43kIJAtCg1lKyODD/cnaKGo="},"public":{"type":"Buffer","data":"6+DXIL7iW3ua3PtbSg1ItLr6ApzDPU6cI6/oQdg5DjQ="}},"signature":{"type":"Buffer","data":"DHeERMjACIg5iqFBn9vnQLZ/k+7MNWCdpUbovri0+53Zao39OR3FvHmOg9keaI+NRvPkeSaob6pfCFxLQHbRBw=="},"keyId":1},"registrationId":237,"advSecretKey":"+5QxCftUhXhbIQZ7UbjLWLoc6o5Nb3OILdQ69E8H/0o=","processedHistoryMessages":[{"key":{"remoteJid":"6283853063291@s.whatsapp.net","fromMe":true,"id":"48536FCEE12F72811AAF1F69D0EB75FB"},"messageTimestamp":1723478441},{"key":{"remoteJid":"6283853063291@s.whatsapp.net","fromMe":true,"id":"AB3D5DD58D4B2012E6C19077B7FEC418"},"messageTimestamp":1723478441},{"key":{"remoteJid":"6283853063291@s.whatsapp.net","fromMe":true,"id":"FA812851A8D83A2BB7991559DF53E1A6"},"messageTimestamp":1723478449},{"key":{"remoteJid":"6283853063291@s.whatsapp.net","fromMe":true,"id":"C0A7445E3E965128759B4AB1BE7BBCC3"},"messageTimestamp":1723478449}],"nextPreKeyId":31,"firstUnuploadedPreKeyId":31,"accountSyncCounter":1,"accountSettings":{"unarchiveChats":false},"deviceId":"2wGeS4PSTXG3bWrHAT0MAA","phoneId":"6a658c82-99fc-4361-b6be-d87ba6527116","identityId":{"type":"Buffer","data":"x2zoFYDQP5XbHMhax3gebrHGq8A="},"registered":true,"backupToken":{"type":"Buffer","data":"kVTI3O6sadbB0hs2QaZk1oGc+Fk="},"registration":{},"pairingCode":"TAKM7PZA","me":{"id":"6283853063291:1@s.whatsapp.net","name":"Kiii","lid":"172250149961952:1@lid"},"account":{"details":"CMXGop8BEKPj6LUGGAEgACgA","accountSignatureKey":"i42p6Ed1NkD3AdXDW574CdyKa8fksRQYGoVK9t5bZmM=","accountSignature":"7ghMiv7r6agCCrWIS136k55pfIUQzMXkPx0+jJIGpeV/0wv5FACN79zUGA7BmzHK5i1qD9NH/iLtz5K4PM9EDw==","deviceSignature":"WdLPiUuQNp78atCt9bQWxCZYLfSCjRUq420e9hw0alPa/j/NW5+uURd5NB4NQQpyqv/4Bm2XNGdIil8U1YGDBw=="},"signalIdentities":[{"identifier":{"name":"6283853063291:1@s.whatsapp.net","deviceId":0},"identifierKey":{"type":"Buffer","data":"BYuNqehHdTZA9wHVw1ue+AncimvH5LEUGBqFSvbeW2Zj"}}],"platform":"smba","routingInfo":{"type":"Buffer","data":"CAIIDQ=="},"lastAccountSyncTimestamp":1723478439,"lastPropHash":"2F9yxz","myAppStateKeyId":"AAAAACrC"}