{"_sessions":{"Be6XO/p9zzfFsnDfkr+WBRzCNVLhFgKM0EUX6sfhUXtt":{"registrationId":64,"currentRatchet":{"ephemeralKeyPair":{"pubKey":"BTiXI02co98i2fgU0EWbTVjXNQVmPAfsxOHBiSOJAOU2","privKey":"oM7kSrhrTsw0b4rfnpJ4FP0/X9TB3Ypob18ml7kOHX0="},"lastRemoteEphemeralKey":"BUJfDW5WRmmq7tGjJ3q55JOQhbc83e6RSYsWhY2Txh0B","previousCounter":0,"rootKey":"H1H2D9dq9pMcH6fPzcEkRoyX3w6qgG1NisP2wpjiFVA="},"indexInfo":{"baseKey":"Be6XO/p9zzfFsnDfkr+WBRzCNVLhFgKM0EUX6sfhUXtt","baseKeyType":1,"closed":-1,"used":1723478475625,"created":1723478475625,"remoteIdentityKey":"BTw2Bwb4XkOHMqSqUS95DOusX09ViLDwN4y4zR0t/Cti"},"_chains":{"BTiXI02co98i2fgU0EWbTVjXNQVmPAfsxOHBiSOJAOU2":{"chainKey":{"counter":0,"key":"rzwGuLJjgA6fWTGzohMh+NFAd3TOTPWHiNVOk5MPdBY="},"chainType":1,"messageKeys":{}}},"pendingPreKey":{"signedKeyId":1,"baseKey":"Be6XO/p9zzfFsnDfkr+WBRzCNVLhFgKM0EUX6sfhUXtt","preKeyId":63}}},"version":"v1"}