{"_sessions":{"BaGNPakVmZMG2rKksb5kCOKD6Tf5Rvgqy+UdKLpmqZkW":{"registrationId":373529676,"currentRatchet":{"ephemeralKeyPair":{"pubKey":"BRYmfJdngSkcqJwbLGjMIYTesnDVkIsLm1c02ju9yuNc","privKey":"EP0/RKIApy0eDbEIc0h7vv+bjbNMRfoJXUUHUiyPd0A="},"lastRemoteEphemeralKey":"BUn8yO0q/N4kLVK+2mlnIm08xb5fdF17hCCORtf1PNAW","previousCounter":0,"rootKey":"xyPpEVOb/6oEkRPydztli4vOIaLOoefFjJFxg2hbJsI="},"indexInfo":{"baseKey":"BaGNPakVmZMG2rKksb5kCOKD6Tf5Rvgqy+UdKLpmqZkW","baseKeyType":2,"closed":-1,"used":1723478449113,"created":1723478449113,"remoteIdentityKey":"BYQitKQeM5qJcvGb5cR+t18vDG8azfSUqsCoa3CinFtc"},"_chains":{"BUn8yO0q/N4kLVK+2mlnIm08xb5fdF17hCCORtf1PNAW":{"chainKey":{"counter":0,"key":"t/UR43Nd+AtqZ44lMPCAW07BRfCJixZVET4iHIC2sEg="},"chainType":2,"messageKeys":{}},"BRYmfJdngSkcqJwbLGjMIYTesnDVkIsLm1c02ju9yuNc":{"chainKey":{"counter":0,"key":"v7iuezw1ZCsu0RGkn8y/e09niTK/0iMsn0se54EbD4o="},"chainType":1,"messageKeys":{}}}}},"version":"v1"}