{"_sessions":{"BYjGZxCxleNx5XGgXTYEIeG8d2/LotOqGEalATc671xP":{"registrationId":41,"currentRatchet":{"ephemeralKeyPair":{"pubKey":"BR2lDsaWOcjztI0q1MewH8ANSqLxbZYgCoLvnbaNnTk2","privKey":"GFRzh/Nmki4OhzKgeFgd8KDcCGw9foDlKIGWXzbEj1s="},"lastRemoteEphemeralKey":"BRqPhAdKicM0zz5ovuC8k5NDdM07AvFzYNFykI60l5Um","previousCounter":0,"rootKey":"sw+UMtQ0fH9D0qlHCDNFTZ3a1u7KL1m24l+vjbsviKE="},"indexInfo":{"baseKey":"BYjGZxCxleNx5XGgXTYEIeG8d2/LotOqGEalATc671xP","baseKeyType":1,"closed":-1,"used":1723478475619,"created":1723478475619,"remoteIdentityKey":"BYNIPLd8CVPwmkFdYapTgZ3viulSaofWwryDT9ruvNBB"},"_chains":{"BR2lDsaWOcjztI0q1MewH8ANSqLxbZYgCoLvnbaNnTk2":{"chainKey":{"counter":0,"key":"/XWfTOvBJWf+mdv9gEQ4avEhGD1bW5zLUGBJNYYxhHs="},"chainType":1,"messageKeys":{}}},"pendingPreKey":{"signedKeyId":1,"baseKey":"BYjGZxCxleNx5XGgXTYEIeG8d2/LotOqGEalATc671xP"}}},"version":"v1"}