{"_sessions":{"BcDNOIqboYvxpJhCl+8+Ct1psuy8PAM4L9KTy2hP1c4M":{"registrationId":1185795195,"currentRatchet":{"ephemeralKeyPair":{"pubKey":"Bb8CvPFcYIQ4fcHIZRc2HuOlUoVtHHFaHn20+HWVIeE7","privKey":"uEOKBHcT0wxVKYLkPN42Szga7trad3FhdZKG1o0M8Ww="},"lastRemoteEphemeralKey":"BR4OCymy+kb3liR3BMrAIhnTKbJWaL+isY7cld961pR6","previousCounter":0,"rootKey":"Ub8RPPfVznH2lb65iYMy/sHpjj6xSBPbFnH8g684fSw="},"indexInfo":{"baseKey":"BcDNOIqboYvxpJhCl+8+Ct1psuy8PAM4L9KTy2hP1c4M","baseKeyType":2,"closed":-1,"used":1723478442047,"created":1723478442047,"remoteIdentityKey":"BYuNqehHdTZA9wHVw1ue+AncimvH5LEUGBqFSvbeW2Zj"},"_chains":{"BR4OCymy+kb3liR3BMrAIhnTKbJWaL+isY7cld961pR6":{"chainKey":{"counter":8,"key":"VNHaSNrtDUAsiSGmIrZoPw+HzcFBYvwPZpJCIaQwOd0="},"chainType":2,"messageKeys":{}},"Bb8CvPFcYIQ4fcHIZRc2HuOlUoVtHHFaHn20+HWVIeE7":{"chainKey":{"counter":0,"key":"CSZP1mBDq2gyZxAF43649K5inJXVIWfhDPPYSUgL45M="},"chainType":1,"messageKeys":{}}}}},"version":"v1"}