{"_sessions":{"BfqrGgBZ7AFQyDCxBHFfVslYwxok+dXhkCD0P043C0I7":{"registrationId":517442660,"currentRatchet":{"ephemeralKeyPair":{"pubKey":"BZMHFuBWFwCtgqX/xkAH+iOGtHl/zChKxhdvS8h8WFZN","privKey":"0B1y/tfHOTUrTFrkKjlA183RYOltn8O51tR/vVfHqGE="},"lastRemoteEphemeralKey":"BUM78H5Ri81ZkfgJL6BOTatgVtqvBj3x7bEshBri0pQ1","previousCounter":0,"rootKey":"FB81yNI5jfoaDF+ea3+E/PFv26+X0A10vhpVsVtvoUI="},"indexInfo":{"baseKey":"BfqrGgBZ7AFQyDCxBHFfVslYwxok+dXhkCD0P043C0I7","baseKeyType":2,"closed":-1,"used":1723478476640,"created":1723478474942,"remoteIdentityKey":"BTKTK2udMbWvcOBVakCeLwqKJ+tObOjkfAEitGfcSTkD"},"_chains":{"BadSUnsWHyciiXn7NLeKgPB495pE0RHgQpeD4tK+Iqw0":{"chainKey":{"counter":0},"chainType":2,"messageKeys":{}},"BUM78H5Ri81ZkfgJL6BOTatgVtqvBj3x7bEshBri0pQ1":{"chainKey":{"counter":0,"key":"rgyqeD342Xyo5HEptLBWdupUy8cop5NAGomE/zaJBE0="},"chainType":2,"messageKeys":{}},"BZMHFuBWFwCtgqX/xkAH+iOGtHl/zChKxhdvS8h8WFZN":{"chainKey":{"counter":-1,"key":"KQZlrwBCBotURjfeJkSjAhs/WkOU/TdvrHnDs0FqulE="},"chainType":1,"messageKeys":{}}}}},"version":"v1"}